<?xml version="1.0" encoding="UTF-8"?>
<project version="4">
  <component name="BookmarksTool">
    <option name="myTreeState">
      <TreeState />
    </option>
  </component>
  <component name="ChangeListManager">
    <list default="true" id="06087df4-d64a-4ee9-8524-e75fd101804d" name="Default" comment="" />
    <ignored path="ArduinoML.iws" />
    <ignored path=".mps/workspace.xml" />
    <option name="TRACKING_ENABLED" value="true" />
    <option name="SHOW_DIALOG" value="false" />
    <option name="HIGHLIGHT_CONFLICTS" value="true" />
    <option name="HIGHLIGHT_NON_ACTIVE_CHANGELIST" value="false" />
    <option name="LAST_RESOLUTION" value="IGNORE" />
  </component>
  <component name="ChangesViewManager" flattened_view="true" show_ignored="false" />
  <component name="ConsoleHistory">
    <option name="tabs">
      <list>
        <TabState>
          <option name="title" value="Console" />
          <option name="history" value="&lt;?xml version=&quot;1.0&quot; encoding=&quot;UTF-8&quot;?&gt;&#13;&#10;&lt;model modelUID=&quot;r:68bc07c6-e4bf-43d5-b562-18eabdeef920(TempModel_311923837781433)&quot;&gt;&#13;&#10;  &lt;persistence version=&quot;8&quot; /&gt;&#13;&#10;  &lt;language namespace=&quot;de1ad86d-6e50-4a02-b306-d4d17f64c375(jetbrains.mps.console.base)&quot; /&gt;&#13;&#10;  &lt;language namespace=&quot;f26691d2-0def-4c06-aec6-2cb90c4af0a4(jetbrains.mps.console.scripts)&quot; /&gt;&#13;&#10;  &lt;language namespace=&quot;1a8554c4-eb84-43ba-8c34-6f0d90c6e75a(jetbrains.mps.console.blCommand)&quot; /&gt;&#13;&#10;  &lt;language namespace=&quot;a5e4de53-46a3-44da-aab3-68fdf1c34ed0(jetbrains.mps.console.ideCommands)&quot; /&gt;&#13;&#10;  &lt;language namespace=&quot;995a7394-7f76-4b8b-a929-c53448708106(jetbrains.mps.console.internalCommands)&quot; /&gt;&#13;&#10;  &lt;devkit namespace=&quot;fbc25dd2-5da4-483a-8b19-70928e1b62d7(jetbrains.mps.devkit.general-purpose)&quot; /&gt;&#13;&#10;  &lt;import index=&quot;eynw&quot; modelUID=&quot;r:359b1d2b-77c4-46df-9bf2-b25cbea32254(jetbrains.mps.console.base.structure)&quot; version=&quot;1&quot; /&gt;&#13;&#10;  &lt;import index=&quot;z2sp&quot; modelUID=&quot;r:e712f353-5c3c-4288-adce-87c956a52ffb(jetbrains.mps.console.scripts.structure)&quot; version=&quot;0&quot; /&gt;&#13;&#10;  &lt;import index=&quot;3xdn&quot; modelUID=&quot;r:935ba0ee-7291-4caa-a807-d76e8fc69391(jetbrains.mps.console.blCommand.structure)&quot; version=&quot;3&quot; /&gt;&#13;&#10;  &lt;import index=&quot;caxt&quot; modelUID=&quot;r:135a606f-0376-4c5c-9ab8-4030f051a062(jetbrains.mps.console.ideCommands.structure)&quot; version=&quot;-1&quot; /&gt;&#13;&#10;  &lt;import index=&quot;wns9&quot; modelUID=&quot;r:90445206-a973-4c1d-b760-30e5c77b7497(jetbrains.mps.console.internalCommands.structure)&quot; version=&quot;-1&quot; /&gt;&#13;&#10;  &lt;import index=&quot;tpck&quot; modelUID=&quot;r:00000000-0000-4000-0000-011c89590288(jetbrains.mps.lang.core.structure)&quot; version=&quot;0&quot; implicit=&quot;yes&quot; /&gt;&#13;&#10;  &lt;root type=&quot;eynw.ConsoleRoot&quot; typeId=&quot;eynw.1583916890557930028&quot; id=&quot;7629695406851347252&quot; nodeInfo=&quot;ng&quot;&gt;&#13;&#10;    &lt;node role=&quot;history&quot; roleId=&quot;eynw.1583916890557930415&quot; type=&quot;eynw.History&quot; typeId=&quot;eynw.757553790980850366&quot; id=&quot;1275236291302447808&quot; nodeInfo=&quot;ng&quot; /&gt;&#13;&#10;    &lt;node role=&quot;commandHolder&quot; roleId=&quot;eynw.1583916890557930417&quot; type=&quot;eynw.CommandHolder&quot; typeId=&quot;eynw.351968380916615243&quot; id=&quot;7629695406851347253&quot; nodeInfo=&quot;ng&quot;&gt;&#13;&#10;      &lt;property name=&quot;name&quot; nameId=&quot;tpck.1169194664001&quot; value=&quot;CommandHolder&quot; /&gt;&#13;&#10;    &lt;/node&gt;&#13;&#10;  &lt;/root&gt;&#13;&#10;&lt;/model&gt;&#13;&#10;&#13;&#10;" />
        </TabState>
      </list>
    </option>
  </component>
  <component name="CreatePatchCommitExecutor">
    <option name="PATCH_PATH" value="" />
  </component>
  <component name="DefaultSearchOptions2">
    <search_options>
      <option class_name="jetbrains.mps.ide.findusages.view.optionseditor.options.ViewOptions">
        <flags show_one_result="true" new_tab="false" />
      </option>
      <option class_name="jetbrains.mps.ide.findusages.view.optionseditor.options.ScopeOptions">
        <scope_type scope_type="PROJECT" module="&lt;default&gt;" model="&lt;default&gt;" />
      </option>
    </search_options>
  </component>
  <component name="ExecutionTargetManager" SELECTED_TARGET="default_target" />
  <component name="FileEditorManager">
    <leaf>
      <file leaf-file-name="Sketch4-Multi_State_Alarm" pinned="false" current="true" current-in-tab="true">
        <entry file="mps://node://ArduinoML.sandbox/ArduinoML.sandbox/Sketch4-Multi_State_Alarm">
          <provider selected="true" editor-type-id="MPSFileEditor">
            <state class="jetbrains.mps.ide.editor.BaseNodeEditor$BaseEditorState">
              <memento viewPositionX="0" viewPositionY="311">
                <selectionStack>
                  <stackElement className="jetbrains.mps.nodeEditor.selection.EditorCellLabelSelection">
                    <property name="hasNonTrivialSelection" value="false" />
                    <property name="caretX" value="151" />
                    <property name="caretXRelative" value="28" />
                    <property name="sideSelectDirection" value="NONE" />
                    <cellInfo cellId="property_value" cellNumber="0" isInList="false">
                      <node node_reference="r:022d951c-cb40-46f8-a28d-daedc51feb46(ArduinoML.sandbox)/7122776117853649525" />
                    </cellInfo>
                  </stackElement>
                </selectionStack>
                <errorLabels />
                <folded />
                <enabledHints />
              </memento>
              <inspectorMemento currentlyEditedNode="r:022d951c-cb40-46f8-a28d-daedc51feb46(ArduinoML.sandbox)/7122776117853649525" viewPositionX="0" viewPositionY="0">
                <selectionStack />
                <errorLabels />
                <folded />
                <enabledHints />
              </inspectorMemento>
            </state>
          </provider>
        </entry>
      </file>
    </leaf>
  </component>
  <component name="MPSBookmarkManager">
    <option name="myBookmarkInfos">
      <array>
        <BookmarkInfo />
        <BookmarkInfo />
        <BookmarkInfo />
        <BookmarkInfo />
        <BookmarkInfo />
        <BookmarkInfo />
        <BookmarkInfo />
        <BookmarkInfo />
        <BookmarkInfo />
        <BookmarkInfo />
      </array>
    </option>
  </component>
  <component name="ProjectFrameBounds">
    <option name="x" value="-8" />
    <option name="y" value="-8" />
    <option name="width" value="1382" />
    <option name="height" value="744" />
  </component>
  <component name="ProjectLevelVcsManager" settingsEditedManually="false">
    <OptionsSetting value="true" id="Add" />
    <OptionsSetting value="true" id="Remove" />
    <OptionsSetting value="true" id="Checkout" />
    <OptionsSetting value="true" id="Update" />
    <OptionsSetting value="true" id="Status" />
    <OptionsSetting value="true" id="Edit" />
    <ConfirmationsSetting value="0" id="Add" />
    <ConfirmationsSetting value="0" id="Remove" />
  </component>
  <component name="ProjectPluginManager">
    <option name="pluginsState">
      <option name="jetbrains.mps.baseLanguage.pluginSolution.plugin.PluginSolution_ProjectPlugin">
        <value>
          <PluginState />
        </value>
      </option>
      <option name="jetbrains.mps.execution.configurations.implementation.plugin.plugin.Plugin_ProjectPlugin">
        <value>
          <PluginState />
        </value>
      </option>
      <option name="jetbrains.mps.execution.configurations.pluginSolution.plugin.PluginSolution_ProjectPlugin">
        <value>
          <PluginState />
        </value>
      </option>
      <option name="jetbrains.mps.ide.actions.Ide_ProjectPlugin">
        <value>
          <PluginState>
            <option name="myComponentsState">
              <list>
                <ComponentState>
                  <option name="first" value="jetbrains.mps.ide.actions.BehaviorDialogsPersistentOptions_PreferencesComponent" />
                  <params>
                    <option name="addReturnsOnImplement" value="false" />
                    <option name="sortAlphabetically" value="false" />
                    <option name="removeAttributes" value="true" />
                  </params>
                </ComponentState>
              </list>
            </option>
          </PluginState>
        </value>
      </option>
      <option name="jetbrains.mps.ide.devkit.actions.Mpsdevkit_ProjectPlugin">
        <value>
          <PluginState />
        </value>
      </option>
    </option>
  </component>
  <component name="ProjectReloadState">
    <option name="STATE" value="0" />
  </component>
  <component name="ProjectView">
    <navigator currentView="ProjectPane" proportions="" version="1">
      <flattenPackages />
      <showMembers />
      <showModules />
      <showLibraryContents />
      <hideEmptyPackages />
      <abbreviatePackageNames />
      <autoscrollToSource />
      <autoscrollFromSource />
      <sortByType />
    </navigator>
    <panes>
      <pane id="ProjectPane">
        <subPane>
          <PATH>
            <PATH_ELEMENT USER_OBJECT="Empty">
              <option name="myItemId" value="" />
              <option name="myItemType" value="" />
            </PATH_ELEMENT>
          </PATH>
          <PATH>
            <PATH_ELEMENT USER_OBJECT="Empty">
              <option name="myItemId" value="" />
              <option name="myItemType" value="" />
            </PATH_ELEMENT>
            <PATH_ELEMENT USER_OBJECT="Project">
              <option name="myItemId" value="" />
              <option name="myItemType" value="" />
            </PATH_ELEMENT>
          </PATH>
        </subPane>
      </pane>
      <pane id="Favorites" />
      <pane id="FileSystem" />
    </panes>
  </component>
  <component name="PropertiesComponent">
    <property name="GoToClass.includeLibraries" value="false" />
    <property name="GoToClass.toSaveIncludeLibraries" value="false" />
    <property name="GoToFile.includeJavaFiles" value="false" />
    <property name="MemberChooser.sorted" value="false" />
    <property name="MemberChooser.showClasses" value="true" />
    <property name="MemberChooser.copyJavadoc" value="false" />
    <property name="FullScreen" value="false" />
    <property name="recentsLimit" value="5" />
  </component>
  <component name="RunManager" selected="JUnit Tests.All Tests in Project">
    <configuration default="false" name="All Tests in Project" type="JUnit Tests" factoryName="JUnit Tests" temporary="true">
      <MyState />
      <myJUnitSettings>
        <MyState>
          <option name="myModel" />
          <option name="myModule" />
          <option name="myTestCases">
            <list />
          </option>
          <option name="myTestMethods">
            <list />
          </option>
          <option name="myRunType" value="PROJECT" />
        </MyState>
      </myJUnitSettings>
      <myJavaRunParameters>
        <MyState>
          <option name="myJavaRunParameters">
            <JavaRunParameters>
              <option name="jrePath" />
              <option name="programParameters" />
              <option name="useAlternativeJre" value="false" />
              <option name="vmOptions" />
              <option name="workingDirectory" />
            </JavaRunParameters>
          </option>
        </MyState>
      </myJavaRunParameters>
      <method />
    </configuration>
    <configuration default="false" name="Tests in 'sandbox'" type="JUnit Tests" factoryName="JUnit Tests" temporary="true">
      <MyState />
      <myJUnitSettings>
        <MyState>
          <option name="myModel" />
          <option name="myModule" value="ArduinoML.sandbox" />
          <option name="myTestCases">
            <list />
          </option>
          <option name="myTestMethods">
            <list />
          </option>
          <option name="myRunType" value="MODULE" />
        </MyState>
      </myJUnitSettings>
      <myJavaRunParameters>
        <MyState>
          <option name="myJavaRunParameters">
            <JavaRunParameters>
              <option name="jrePath" />
              <option name="programParameters" />
              <option name="useAlternativeJre" value="false" />
              <option name="vmOptions" />
              <option name="workingDirectory" />
            </JavaRunParameters>
          </option>
        </MyState>
      </myJavaRunParameters>
      <method />
    </configuration>
    <configuration default="false" name="Node TurnsOnLight" type="Java Application" factoryName="Java" temporary="true">
      <MyState />
      <myNode>
        <MyState>
          <option name="myNodeId" value="1275236291302744135" />
          <option name="myModelId" value="r:022d951c-cb40-46f8-a28d-daedc51feb46(ArduinoML.sandbox)" />
        </MyState>
      </myNode>
      <myRunParameters>
        <MyState>
          <option name="myJavaRunParameters">
            <JavaRunParameters>
              <option name="jrePath" />
              <option name="programParameters" />
              <option name="useAlternativeJre" value="false" />
              <option name="vmOptions" />
              <option name="workingDirectory" />
            </JavaRunParameters>
          </option>
        </MyState>
      </myRunParameters>
      <RunnerSettings RunnerId="Default Runner" />
      <ConfigurationWrapper RunnerId="Default Runner" />
      <method />
    </configuration>
    <configuration default="true" type="Java Application" factoryName="Java">
      <MyState />
      <myNode>
        <MyState>
          <option name="myNodeId" />
          <option name="myModelId" />
        </MyState>
      </myNode>
      <myRunParameters>
        <MyState>
          <option name="myJavaRunParameters">
            <JavaRunParameters>
              <option name="jrePath" />
              <option name="programParameters" />
              <option name="useAlternativeJre" value="false" />
              <option name="vmOptions" />
              <option name="workingDirectory" />
            </JavaRunParameters>
          </option>
        </MyState>
      </myRunParameters>
      <method />
    </configuration>
    <configuration default="true" type="JUnit Tests" factoryName="JUnit Tests">
      <MyState />
      <myJUnitSettings>
        <MyState>
          <option name="myModel" />
          <option name="myModule" />
          <option name="myTestCases">
            <list />
          </option>
          <option name="myTestMethods">
            <list />
          </option>
          <option name="myRunType" value="PROJECT" />
        </MyState>
      </myJUnitSettings>
      <myJavaRunParameters>
        <MyState>
          <option name="myJavaRunParameters">
            <JavaRunParameters>
              <option name="jrePath" />
              <option name="programParameters" />
              <option name="useAlternativeJre" value="false" />
              <option name="vmOptions" />
              <option name="workingDirectory" />
            </JavaRunParameters>
          </option>
        </MyState>
      </myJavaRunParameters>
      <method />
    </configuration>
    <list size="3">
      <item index="0" class="java.lang.String" itemvalue="JUnit Tests.All Tests in Project" />
      <item index="1" class="java.lang.String" itemvalue="JUnit Tests.Tests in 'sandbox'" />
      <item index="2" class="java.lang.String" itemvalue="Java Application.Node TurnsOnLight" />
    </list>
    <configuration name="&lt;template&gt;" type="Application" default="true" selected="false">
      <option name="MAIN_CLASS_NAME" />
      <option name="VM_PARAMETERS" />
      <option name="PROGRAM_PARAMETERS" />
      <option name="WORKING_DIRECTORY" value="$PROJECT_DIR$" />
    </configuration>
    <configuration name="&lt;template&gt;" type="Applet" default="true" selected="false">
      <option name="MAIN_CLASS_NAME" />
      <option name="HTML_FILE_NAME" />
      <option name="HTML_USED" value="false" />
      <option name="WIDTH" value="400" />
      <option name="HEIGHT" value="300" />
      <option name="POLICY_FILE" value="$APPLICATION_HOME_DIR$/bin/appletviewer.policy" />
      <option name="VM_PARAMETERS" />
    </configuration>
    <configuration name="&lt;template&gt;" type="JUnit" default="true" selected="false">
      <option name="MAIN_CLASS_NAME" />
      <option name="VM_PARAMETERS" value="-ea" />
      <option name="PARAMETERS" />
      <option name="WORKING_DIRECTORY" value="$PROJECT_DIR$" />
    </configuration>
    <configuration name="&lt;template&gt;" type="TestNG" default="true" selected="false">
      <option name="MAIN_CLASS_NAME" />
      <option name="VM_PARAMETERS" value="-ea" />
      <option name="PARAMETERS" />
      <option name="WORKING_DIRECTORY" value="$PROJECT_DIR$" />
    </configuration>
    <configuration name="&lt;template&gt;" type="#org.jetbrains.idea.devkit.run.PluginConfigurationType" default="true" selected="false">
      <option name="VM_PARAMETERS" value="-Xmx512m -Xms256m -XX:MaxPermSize=250m -ea" />
    </configuration>
    <configuration name="&lt;template&gt;" type="WebApp" default="true" selected="false">
      <Host>localhost</Host>
      <Port>5050</Port>
    </configuration>
  </component>
  <component name="ShelveChangesManager" show_recycled="false" />
  <component name="SvnConfiguration">
    <configuration>C:\Users\Nicolas\AppData\Roaming\Subversion</configuration>
  </component>
  <component name="ToolWindowManager">
    <frame x="-8" y="-8" width="1382" height="744" extended-state="6" />
    <editor active="false" />
    <layout>
      <window_info id="Bookmarks" active="false" anchor="bottom" auto_hide="false" internal_type="DOCKED" type="DOCKED" visible="false" weight="0.33" sideWeight="0.5" order="7" side_tool="false" content_ui="tabs" />
      <window_info id="Model Checker" active="false" anchor="bottom" auto_hide="false" internal_type="DOCKED" type="DOCKED" visible="false" weight="0.32977098" sideWeight="0.5" order="24" side_tool="false" content_ui="tabs" />
      <window_info id="Migration" active="false" anchor="bottom" auto_hide="false" internal_type="DOCKED" type="DOCKED" visible="false" weight="0.33" sideWeight="0.5" order="8" side_tool="false" content_ui="tabs" />
      <window_info id="Event Log" active="false" anchor="bottom" auto_hide="false" internal_type="DOCKED" type="DOCKED" visible="false" weight="0.33" sideWeight="0.5" order="9" side_tool="true" content_ui="tabs" />
      <window_info id="Generation Tracer" active="false" anchor="bottom" auto_hide="false" internal_type="DOCKED" type="DOCKED" visible="false" weight="0.33" sideWeight="0.5" order="10" side_tool="false" content_ui="tabs" />
      <window_info id="Hierarchy" active="false" anchor="right" auto_hide="false" internal_type="DOCKED" type="DOCKED" visible="false" weight="0.25" sideWeight="0.5" order="2" side_tool="false" content_ui="combo" />
      <window_info id="Class Hierarchy" active="false" anchor="right" auto_hide="false" internal_type="DOCKED" type="DOCKED" visible="false" weight="0.33" sideWeight="0.5" order="3" side_tool="false" content_ui="tabs" />
      <window_info id="Module Dependencies" active="false" anchor="bottom" auto_hide="false" internal_type="DOCKED" type="DOCKED" visible="false" weight="0.33" sideWeight="0.5" order="11" side_tool="false" content_ui="tabs" />
      <window_info id="Console" active="false" anchor="bottom" auto_hide="false" internal_type="DOCKED" type="DOCKED" visible="false" weight="0.33" sideWeight="0.5" order="12" side_tool="false" content_ui="tabs" />
      <window_info id="Inspector" active="false" anchor="bottom" auto_hide="false" internal_type="DOCKED" type="DOCKED" visible="false" weight="0.32824427" sideWeight="0.5" order="13" side_tool="true" content_ui="tabs" />
      <window_info id="Structure" active="false" anchor="left" auto_hide="false" internal_type="DOCKED" type="DOCKED" visible="false" weight="0.25" sideWeight="0.5" order="1" side_tool="false" content_ui="tabs" />
      <window_info id="Usages" active="false" anchor="bottom" auto_hide="false" internal_type="DOCKED" type="DOCKED" visible="false" weight="0.33" sideWeight="0.5" order="14" side_tool="false" content_ui="tabs" />
      <window_info id="Debug" active="false" anchor="bottom" auto_hide="false" internal_type="DOCKED" type="DOCKED" visible="false" weight="0.4" sideWeight="0.5" order="3" side_tool="false" content_ui="tabs" />
      <window_info id="Changes" active="false" anchor="bottom" auto_hide="false" internal_type="DOCKED" type="DOCKED" visible="false" weight="0.33" sideWeight="0.5" order="15" side_tool="false" content_ui="tabs" />
      <window_info id="TODO" active="false" anchor="bottom" auto_hide="false" internal_type="DOCKED" type="DOCKED" visible="false" weight="0.33" sideWeight="0.5" order="6" side_tool="false" content_ui="tabs" />
      <window_info id="Messages" active="false" anchor="bottom" auto_hide="false" internal_type="DOCKED" type="DOCKED" visible="true" weight="0.340458" sideWeight="0.5" order="16" side_tool="false" content_ui="tabs" />
      <window_info id="Run" active="false" anchor="bottom" auto_hide="false" internal_type="DOCKED" type="DOCKED" visible="false" weight="0.32977098" sideWeight="0.5" order="2" side_tool="false" content_ui="tabs" />
      <window_info id="Version Control" active="false" anchor="bottom" auto_hide="false" internal_type="DOCKED" type="DOCKED" visible="false" weight="0.33" sideWeight="0.5" order="17" side_tool="false" content_ui="tabs" />
      <window_info id="RefactoringView" active="false" anchor="bottom" auto_hide="false" internal_type="DOCKED" type="DOCKED" visible="false" weight="0.32977098" sideWeight="0.5" order="18" side_tool="false" content_ui="tabs" />
      <window_info id="Node Explorer" active="false" anchor="bottom" auto_hide="false" internal_type="DOCKED" type="DOCKED" visible="false" weight="0.33" sideWeight="0.5" order="19" side_tool="false" content_ui="tabs" />
      <window_info id="Typechecker State" active="false" anchor="bottom" auto_hide="false" internal_type="DOCKED" type="DOCKED" visible="false" weight="0.33" sideWeight="0.5" order="20" side_tool="false" content_ui="tabs" />
      <window_info id="Supertypes" active="false" anchor="right" auto_hide="false" internal_type="DOCKED" type="DOCKED" visible="false" weight="0.33" sideWeight="0.5" order="5" side_tool="false" content_ui="tabs" />
      <window_info id="Typesystem Trace" active="false" anchor="right" auto_hide="false" internal_type="DOCKED" type="DOCKED" visible="false" weight="0.33" sideWeight="0.5" order="4" side_tool="false" content_ui="tabs" />
      <window_info id="Project" active="false" anchor="left" auto_hide="false" internal_type="DOCKED" type="DOCKED" visible="true" weight="0.21229868" sideWeight="0.5" order="0" side_tool="false" content_ui="combo" />
      <window_info id="Classpath Explorer" active="false" anchor="bottom" auto_hide="false" internal_type="DOCKED" type="DOCKED" visible="false" weight="0.33" sideWeight="0.5" order="21" side_tool="false" content_ui="tabs" />
      <window_info id="Cell Explorer" active="false" anchor="bottom" auto_hide="false" internal_type="DOCKED" type="DOCKED" visible="false" weight="0.33" sideWeight="0.5" order="22" side_tool="false" content_ui="tabs" />
      <window_info id="Dependencies Viewer" active="false" anchor="bottom" auto_hide="false" internal_type="DOCKED" type="DOCKED" visible="false" weight="0.33" sideWeight="0.5" order="23" side_tool="false" content_ui="tabs" />
      <window_info id="Cvs" active="false" anchor="bottom" auto_hide="false" internal_type="DOCKED" type="DOCKED" visible="false" weight="0.25" sideWeight="0.5" order="4" side_tool="false" content_ui="tabs" />
      <window_info id="Message" active="false" anchor="bottom" auto_hide="false" internal_type="DOCKED" type="DOCKED" visible="false" weight="0.33" sideWeight="0.5" order="0" side_tool="false" content_ui="tabs" />
      <window_info id="Commander" active="false" anchor="right" auto_hide="false" internal_type="SLIDING" type="SLIDING" visible="false" weight="0.4" sideWeight="0.5" order="0" side_tool="false" content_ui="tabs" />
      <window_info id="Ant Build" active="false" anchor="right" auto_hide="false" internal_type="DOCKED" type="DOCKED" visible="false" weight="0.25" sideWeight="0.5" order="1" side_tool="false" content_ui="tabs" />
      <window_info id="Inspection" active="false" anchor="bottom" auto_hide="false" internal_type="DOCKED" type="DOCKED" visible="false" weight="0.4" sideWeight="0.5" order="5" side_tool="false" content_ui="tabs" />
      <window_info id="Find" active="false" anchor="bottom" auto_hide="false" internal_type="DOCKED" type="DOCKED" visible="false" weight="0.33" sideWeight="0.5" order="1" side_tool="false" content_ui="tabs" />
    </layout>
  </component>
  <component name="UsagesViewTool">
    <version id="0.9997" />
    <tabs />
    <default_view_options>
      <options category_option="false" module_option="true" model_option="true" root_option="true" path_option="false" count_option="true" info_option="true" view_searched_nodes_option="true" group_searched_nodes_option="true" autoscroll_option="false" />
    </default_view_options>
  </component>
  <component name="Vcs.Log.UiProperties">
    <option name="RECENTLY_FILTERED_USER_GROUPS">
      <collection />
    </option>
    <option name="RECENTLY_FILTERED_BRANCH_GROUPS">
      <collection />
    </option>
  </component>
  <component name="VcsContentAnnotationSettings">
    <option name="myLimit" value="2678400000" />
  </component>
  <component name="VcsManagerConfiguration">
    <option name="myTodoPanelSettings">
      <TodoPanelSettings />
    </option>
  </component>
  <component name="editorHistoryManager">
    <entry file="mps://node://ArduinoML.sandbox/ArduinoML.sandbox/Sketch4-Multi_State_Alarm">
      <provider selected="true" editor-type-id="MPSFileEditor">
        <state class="jetbrains.mps.ide.editor.BaseNodeEditor$BaseEditorState">
          <memento viewPositionX="0" viewPositionY="0">
            <selectionStack />
            <errorLabels />
            <folded />
            <enabledHints />
          </memento>
          <inspectorMemento viewPositionX="0" viewPositionY="0">
            <selectionStack />
            <errorLabels />
            <folded />
            <enabledHints />
          </inspectorMemento>
        </state>
      </provider>
    </entry>
    <entry file="mps://node://ArduinoML.sandbox/ArduinoML.sandbox/Sketch3-State_Based_Alarm">
      <provider selected="true" editor-type-id="MPSFileEditor">
        <state class="jetbrains.mps.ide.editor.BaseNodeEditor$BaseEditorState">
          <memento viewPositionX="0" viewPositionY="0">
            <selectionStack />
            <errorLabels />
            <folded />
            <enabledHints />
          </memento>
          <inspectorMemento viewPositionX="0" viewPositionY="0">
            <selectionStack />
            <errorLabels />
            <folded />
            <enabledHints />
          </inspectorMemento>
        </state>
      </provider>
    </entry>
    <entry file="mps://node://ArduinoML/ArduinoML.structure/And_Component_LCD_Temperature">
      <provider selected="true" editor-type-id="MPSFileEditor">
        <state class="jetbrains.mps.ide.editorTabs.TabbedEditor$TabbedEditorState">
          <memento viewPositionX="0" viewPositionY="0">
            <selectionStack />
            <errorLabels />
            <folded />
            <enabledHints />
          </memento>
          <inspectorMemento viewPositionX="0" viewPositionY="0">
            <selectionStack />
            <errorLabels />
            <folded />
            <enabledHints />
          </inspectorMemento>
          <node node_ref="r:1827b833-20af-4e7b-ad14-6906ab759a70(ArduinoML.structure)/4954859863373206605" />
        </state>
      </provider>
    </entry>
    <entry file="mps://node://ArduinoML/ArduinoML.structure/Sketch">
      <provider selected="true" editor-type-id="MPSFileEditor">
        <state class="jetbrains.mps.ide.editorTabs.TabbedEditor$TabbedEditorState">
          <memento viewPositionX="0" viewPositionY="0">
            <selectionStack />
            <errorLabels />
            <folded />
            <enabledHints />
          </memento>
          <inspectorMemento viewPositionX="0" viewPositionY="0">
            <selectionStack />
            <errorLabels />
            <folded />
            <enabledHints />
          </inspectorMemento>
          <node node_ref="r:1827b833-20af-4e7b-ad14-6906ab759a70(ArduinoML.structure)/1275236291302713123" />
        </state>
      </provider>
    </entry>
    <entry file="mps://node://ArduinoML/ArduinoML.structure/And_Component">
      <provider selected="true" editor-type-id="MPSFileEditor">
        <state class="jetbrains.mps.ide.editorTabs.TabbedEditor$TabbedEditorState">
          <memento viewPositionX="0" viewPositionY="0">
            <selectionStack />
            <errorLabels />
            <folded />
            <enabledHints />
          </memento>
          <inspectorMemento viewPositionX="0" viewPositionY="0">
            <selectionStack />
            <errorLabels />
            <folded />
            <enabledHints />
          </inspectorMemento>
          <node node_ref="r:1827b833-20af-4e7b-ad14-6906ab759a70(ArduinoML.structure)/5961443109978821638" />
        </state>
      </provider>
    </entry>
    <entry file="mps://node://ArduinoML/ArduinoML.structure/Machine_State">
      <provider selected="true" editor-type-id="MPSFileEditor">
        <state class="jetbrains.mps.ide.editorTabs.TabbedEditor$TabbedEditorState">
          <memento viewPositionX="0" viewPositionY="0">
            <selectionStack />
            <errorLabels />
            <folded />
            <enabledHints />
          </memento>
          <inspectorMemento viewPositionX="0" viewPositionY="0">
            <selectionStack />
            <errorLabels />
            <folded />
            <enabledHints />
          </inspectorMemento>
          <node node_ref="r:7e93ca31-880f-4ecd-a66b-ee11be520981(ArduinoML.editor)/6743260208045785802" />
        </state>
      </provider>
    </entry>
    <entry file="mps://node://ArduinoML.sandbox/ArduinoML.sandbox/Sketch1-Very_Simple_Alarm">
      <provider selected="true" editor-type-id="MPSFileEditor">
        <state class="jetbrains.mps.ide.editor.BaseNodeEditor$BaseEditorState">
          <memento viewPositionX="0" viewPositionY="113">
            <selectionStack>
              <stackElement className="jetbrains.mps.nodeEditor.selection.EditorCellLabelSelection">
                <property name="hasNonTrivialSelection" value="false" />
                <property name="caretX" value="183" />
                <property name="caretXRelative" value="60" />
                <property name="sideSelectDirection" value="NONE" />
                <cellInfo cellId="property_signal" cellNumber="0" isInList="false">
                  <node node_reference="r:022d951c-cb40-46f8-a28d-daedc51feb46(ArduinoML.sandbox)/6743260208045733196" />
                </cellInfo>
              </stackElement>
            </selectionStack>
            <errorLabels />
            <folded />
            <enabledHints />
          </memento>
          <inspectorMemento currentlyEditedNode="r:7e93ca31-880f-4ecd-a66b-ee11be520981(ArduinoML.editor)/7122776117853504707" viewPositionX="0" viewPositionY="0">
            <selectionStack />
            <errorLabels />
            <folded />
            <enabledHints />
          </inspectorMemento>
        </state>
      </provider>
    </entry>
    <entry file="mps://node://ArduinoML/ArduinoML.structure/Use_Previous_State">
      <provider selected="true" editor-type-id="MPSFileEditor">
        <state class="jetbrains.mps.ide.editorTabs.TabbedEditor$TabbedEditorState">
          <memento viewPositionX="0" viewPositionY="0">
            <selectionStack />
            <errorLabels />
            <folded />
            <enabledHints />
          </memento>
          <inspectorMemento currentlyEditedNode="r:7e93ca31-880f-4ecd-a66b-ee11be520981(ArduinoML.editor)/7122776117853504707" viewPositionX="0" viewPositionY="0">
            <selectionStack />
            <errorLabels />
            <folded />
            <enabledHints />
          </inspectorMemento>
          <node node_ref="r:7e93ca31-880f-4ecd-a66b-ee11be520981(ArduinoML.editor)/7122776117853505060" />
        </state>
      </provider>
    </entry>
    <entry file="mps://node://ArduinoML/ArduinoML.structure/LCD">
      <provider selected="true" editor-type-id="MPSFileEditor">
        <state class="jetbrains.mps.ide.editorTabs.TabbedEditor$TabbedEditorState">
          <memento viewPositionX="0" viewPositionY="0">
            <selectionStack>
              <stackElement className="jetbrains.mps.nodeEditor.selection.EditorCellLabelSelection">
                <property name="hasNonTrivialSelection" value="false" />
                <property name="caretX" value="67" />
                <property name="caretXRelative" value="4" />
                <property name="sideSelectDirection" value="NONE" />
                <cellInfo cellId="property_text" cellNumber="0" isInList="false">
                  <node node_reference="r:7e93ca31-880f-4ecd-a66b-ee11be520981(ArduinoML.editor)/6966832599821339140" />
                </cellInfo>
              </stackElement>
            </selectionStack>
            <errorLabels />
            <folded />
            <enabledHints />
          </memento>
          <inspectorMemento currentlyEditedNode="r:7e93ca31-880f-4ecd-a66b-ee11be520981(ArduinoML.editor)/6966832599821339140" viewPositionX="0" viewPositionY="0">
            <selectionStack />
            <errorLabels />
            <folded />
            <enabledHints />
          </inspectorMemento>
          <node node_ref="r:7e93ca31-880f-4ecd-a66b-ee11be520981(ArduinoML.editor)/6966832599821317910" />
        </state>
      </provider>
    </entry>
    <entry file="mps://node://ArduinoML/ArduinoML.structure/Component_IN">
      <provider selected="true" editor-type-id="MPSFileEditor">
        <state class="jetbrains.mps.ide.editorTabs.TabbedEditor$TabbedEditorState">
          <memento viewPositionX="0" viewPositionY="0">
            <selectionStack>
              <stackElement className="jetbrains.mps.nodeEditor.selection.EditorCellLabelSelection">
                <property name="hasNonTrivialSelection" value="false" />
                <property name="caretX" value="147" />
                <property name="caretXRelative" value="12" />
                <property name="sideSelectDirection" value="NONE" />
                <cellInfo cellId="property_text" cellNumber="0" isInList="false">
                  <node node_reference="r:7e93ca31-880f-4ecd-a66b-ee11be520981(ArduinoML.editor)/1289569606770423135" />
                </cellInfo>
              </stackElement>
            </selectionStack>
            <errorLabels />
            <folded />
            <enabledHints />
          </memento>
          <inspectorMemento currentlyEditedNode="r:1827b833-20af-4e7b-ad14-6906ab759a70(ArduinoML.structure)/1275236291302713123" viewPositionX="0" viewPositionY="0">
            <selectionStack />
            <errorLabels />
            <folded />
            <enabledHints />
          </inspectorMemento>
          <node node_ref="r:7e93ca31-880f-4ecd-a66b-ee11be520981(ArduinoML.editor)/1289569606770423120" />
        </state>
      </provider>
    </entry>
    <entry file="mps://node://ArduinoML/ArduinoML.structure/Action">
      <provider selected="true" editor-type-id="MPSFileEditor">
        <state class="jetbrains.mps.ide.editorTabs.TabbedEditor$TabbedEditorState">
          <memento viewPositionX="0" viewPositionY="0">
            <selectionStack>
              <stackElement className="jetbrains.mps.nodeEditor.selection.EditorCellLabelSelection">
                <property name="hasNonTrivialSelection" value="false" />
                <property name="caretX" value="187" />
                <property name="caretXRelative" value="64" />
                <property name="sideSelectDirection" value="NONE" />
                <cellInfo cellId="property_name" cellNumber="0" isInList="false">
                  <node node_reference="r:1827b833-20af-4e7b-ad14-6906ab759a70(ArduinoML.structure)/6743260208045728053" />
                </cellInfo>
              </stackElement>
            </selectionStack>
            <errorLabels />
            <folded />
            <enabledHints />
          </memento>
          <inspectorMemento currentlyEditedNode="r:1827b833-20af-4e7b-ad14-6906ab759a70(ArduinoML.structure)/6743260208045728053" viewPositionX="0" viewPositionY="0">
            <selectionStack />
            <errorLabels />
            <folded />
            <enabledHints />
          </inspectorMemento>
          <node node_ref="r:1827b833-20af-4e7b-ad14-6906ab759a70(ArduinoML.structure)/1275236291302713201" />
        </state>
      </provider>
    </entry>
    <entry file="mps://node://ArduinoML/ArduinoML.structure/Test">
      <provider selected="true" editor-type-id="MPSFileEditor">
        <state class="jetbrains.mps.ide.editorTabs.TabbedEditor$TabbedEditorState">
          <memento viewPositionX="0" viewPositionY="0">
            <selectionStack>
              <stackElement className="jetbrains.mps.nodeEditor.selection.EditorCellLabelSelection">
                <property name="hasNonTrivialSelection" value="false" />
                <property name="caretX" value="151" />
                <property name="caretXRelative" value="4" />
                <property name="sideSelectDirection" value="NONE" />
                <cellInfo cellId="TransactionalProperty_ueqr71_d0a" cellNumber="0" isInList="false">
                  <node node_reference="r:1827b833-20af-4e7b-ad14-6906ab759a70(ArduinoML.structure)/7566270540795075176" />
                </cellInfo>
              </stackElement>
            </selectionStack>
            <errorLabels />
            <folded />
            <enabledHints />
          </memento>
          <inspectorMemento currentlyEditedNode="r:1827b833-20af-4e7b-ad14-6906ab759a70(ArduinoML.structure)/7566270540795075176" viewPositionX="0" viewPositionY="0">
            <selectionStack />
            <errorLabels />
            <folded />
            <enabledHints />
          </inspectorMemento>
          <node node_ref="r:1827b833-20af-4e7b-ad14-6906ab759a70(ArduinoML.structure)/7566270540795075176" />
        </state>
      </provider>
    </entry>
    <entry file="mps://node://ArduinoML/ArduinoML.structure/Operator">
      <provider selected="true" editor-type-id="MPSFileEditor">
        <state class="jetbrains.mps.ide.editor.BaseNodeEditor$BaseEditorState">
          <memento viewPositionX="0" viewPositionY="0">
            <selectionStack>
              <stackElement className="jetbrains.mps.nodeEditor.selection.EditorCellLabelSelection">
                <property name="hasNonTrivialSelection" value="false" />
                <property name="caretX" value="183" />
                <property name="caretXRelative" value="4" />
                <property name="sideSelectDirection" value="NONE" />
                <cellInfo cellId="property_name" cellNumber="0" isInList="false">
                  <node node_reference="r:1827b833-20af-4e7b-ad14-6906ab759a70(ArduinoML.structure)/6743260208045728146" />
                </cellInfo>
              </stackElement>
            </selectionStack>
            <errorLabels />
            <folded />
            <enabledHints />
          </memento>
          <inspectorMemento currentlyEditedNode="r:1827b833-20af-4e7b-ad14-6906ab759a70(ArduinoML.structure)/6743260208045728146" viewPositionX="0" viewPositionY="0">
            <selectionStack />
            <errorLabels />
            <folded />
            <enabledHints />
          </inspectorMemento>
        </state>
      </provider>
    </entry>
    <entry file="mps://node://ArduinoML.sandbox/ArduinoML.sandbox/Sketch_Ext1-Handling_Analogical_Bricks">
      <provider selected="true" editor-type-id="MPSFileEditor">
        <state class="jetbrains.mps.ide.editor.BaseNodeEditor$BaseEditorState">
          <memento viewPositionX="0" viewPositionY="21">
            <selectionStack>
              <stackElement className="jetbrains.mps.nodeEditor.selection.EditorCellLabelSelection">
                <property name="hasNonTrivialSelection" value="false" />
                <property name="caretX" value="281" />
                <property name="caretXRelative" value="84" />
                <property name="sideSelectDirection" value="NONE" />
                <cellInfo cellId="property_name" cellNumber="0" isInList="false">
                  <node node_reference="r:022d951c-cb40-46f8-a28d-daedc51feb46(ArduinoML.sandbox)/6073817517002598226" />
                </cellInfo>
              </stackElement>
            </selectionStack>
            <errorLabels />
            <folded />
            <enabledHints />
          </memento>
          <inspectorMemento currentlyEditedNode="r:022d951c-cb40-46f8-a28d-daedc51feb46(ArduinoML.sandbox)/6073817517002598226" viewPositionX="0" viewPositionY="0">
            <selectionStack />
            <errorLabels />
            <folded />
            <enabledHints />
          </inspectorMemento>
        </state>
      </provider>
    </entry>
    <entry file="mps://node://ArduinoML.sandbox/ArduinoML.sandbox/Sketch_Ext2-Supporting_the_LCD_screen">
      <provider selected="true" editor-type-id="MPSFileEditor">
        <state class="jetbrains.mps.ide.editor.BaseNodeEditor$BaseEditorState">
          <memento viewPositionX="0" viewPositionY="31">
            <selectionStack>
              <stackElement className="jetbrains.mps.nodeEditor.selection.EditorCellLabelSelection">
                <property name="hasNonTrivialSelection" value="false" />
                <property name="caretX" value="215" />
                <property name="caretXRelative" value="136" />
                <property name="sideSelectDirection" value="NONE" />
                <cellInfo cellId="property_name" cellNumber="0" isInList="false">
                  <node node_reference="r:022d951c-cb40-46f8-a28d-daedc51feb46(ArduinoML.sandbox)/6073817517002663894" />
                </cellInfo>
              </stackElement>
            </selectionStack>
            <errorLabels />
            <folded />
            <enabledHints />
          </memento>
          <inspectorMemento currentlyEditedNode="r:022d951c-cb40-46f8-a28d-daedc51feb46(ArduinoML.sandbox)/6073817517002663894" viewPositionX="0" viewPositionY="0">
            <selectionStack />
            <errorLabels />
            <folded />
            <enabledHints />
          </inspectorMemento>
        </state>
      </provider>
    </entry>
    <entry file="mps://node://ArduinoML.sandbox/ArduinoML.sandbox/Sketch1-Very_Simple_Alarm">
      <provider selected="true" editor-type-id="MPSFileEditor">
        <state class="jetbrains.mps.ide.editor.BaseNodeEditor$BaseEditorState">
          <memento viewPositionX="0" viewPositionY="65">
            <selectionStack>
              <stackElement className="jetbrains.mps.nodeEditor.selection.EditorCellLabelSelection">
                <property name="hasNonTrivialSelection" value="false" />
                <property name="caretX" value="127" />
                <property name="caretXRelative" value="48" />
                <property name="sideSelectDirection" value="NONE" />
                <cellInfo cellId="property_name" cellNumber="0" isInList="false">
                  <node node_reference="r:022d951c-cb40-46f8-a28d-daedc51feb46(ArduinoML.sandbox)/6073817517002596992" />
                </cellInfo>
              </stackElement>
            </selectionStack>
            <errorLabels />
            <folded />
            <enabledHints />
          </memento>
          <inspectorMemento currentlyEditedNode="r:022d951c-cb40-46f8-a28d-daedc51feb46(ArduinoML.sandbox)/6168938315457612758" viewPositionX="0" viewPositionY="0">
            <selectionStack />
            <errorLabels />
            <folded />
            <enabledHints />
          </inspectorMemento>
        </state>
      </provider>
    </entry>
    <entry file="mps://node://ArduinoML/ArduinoML.structure/Signal_Type">
      <provider selected="true" editor-type-id="MPSFileEditor">
        <state class="jetbrains.mps.ide.editor.BaseNodeEditor$BaseEditorState">
          <memento viewPositionX="0" viewPositionY="0">
            <selectionStack>
              <stackElement className="jetbrains.mps.nodeEditor.selection.EditorCellLabelSelection">
                <property name="hasNonTrivialSelection" value="false" />
                <property name="caretX" value="239" />
                <property name="caretXRelative" value="52" />
                <property name="sideSelectDirection" value="NONE" />
                <cellInfo cellId="property_name_1" cellNumber="0" isInList="false">
                  <node node_reference="r:1827b833-20af-4e7b-ad14-6906ab759a70(ArduinoML.structure)/1275236291302714870" />
                </cellInfo>
              </stackElement>
            </selectionStack>
            <errorLabels />
            <folded />
            <enabledHints />
          </memento>
          <inspectorMemento currentlyEditedNode="r:1827b833-20af-4e7b-ad14-6906ab759a70(ArduinoML.structure)/6743260208045728114" viewPositionX="0" viewPositionY="0">
            <selectionStack />
            <errorLabels />
            <folded />
            <enabledHints />
          </inspectorMemento>
        </state>
      </provider>
    </entry>
    <entry file="mps://node://ArduinoML/ArduinoML.structure/Use_Previous_State">
      <provider selected="true" editor-type-id="MPSFileEditor">
        <state class="jetbrains.mps.ide.editorTabs.TabbedEditor$TabbedEditorState">
          <memento viewPositionX="0" viewPositionY="0">
            <selectionStack>
              <stackElement className="jetbrains.mps.nodeEditor.selection.EditorCellLabelSelection">
                <property name="hasNonTrivialSelection" value="false" />
                <property name="caretX" value="319" />
                <property name="caretXRelative" value="0" />
                <property name="sideSelectDirection" value="NONE" />
                <cellInfo cellId="Constant_ueqr71_a1b4a0" cellNumber="0" isInList="false">
                  <node node_reference="r:1827b833-20af-4e7b-ad14-6906ab759a70(ArduinoML.structure)/7122776117853128669" />
                </cellInfo>
              </stackElement>
            </selectionStack>
            <errorLabels />
            <folded />
            <enabledHints />
          </memento>
          <inspectorMemento currentlyEditedNode="r:1827b833-20af-4e7b-ad14-6906ab759a70(ArduinoML.structure)/6743260208045728114" viewPositionX="0" viewPositionY="0">
            <selectionStack />
            <errorLabels />
            <folded />
            <enabledHints />
          </inspectorMemento>
          <node node_ref="r:1827b833-20af-4e7b-ad14-6906ab759a70(ArduinoML.structure)/7122776117853128669" />
        </state>
      </provider>
    </entry>
    <entry file="mps://node://ArduinoML/ArduinoML.structure/Component">
      <provider selected="true" editor-type-id="MPSFileEditor">
        <state class="jetbrains.mps.ide.editorTabs.TabbedEditor$TabbedEditorState">
          <memento viewPositionX="0" viewPositionY="0">
            <selectionStack>
              <stackElement className="jetbrains.mps.nodeEditor.selection.EditorCellLabelSelection">
                <property name="hasNonTrivialSelection" value="false" />
                <property name="caretX" value="151" />
                <property name="caretXRelative" value="4" />
                <property name="sideSelectDirection" value="NONE" />
                <cellInfo cellId="TransactionalProperty_ueqr71_d0a" cellNumber="0" isInList="false">
                  <node node_reference="r:1827b833-20af-4e7b-ad14-6906ab759a70(ArduinoML.structure)/1275236291302713117" />
                </cellInfo>
              </stackElement>
            </selectionStack>
            <errorLabels />
            <folded />
            <enabledHints />
          </memento>
          <inspectorMemento currentlyEditedNode="r:1827b833-20af-4e7b-ad14-6906ab759a70(ArduinoML.structure)/1275236291302713117" viewPositionX="0" viewPositionY="0">
            <selectionStack />
            <errorLabels />
            <folded />
            <enabledHints />
          </inspectorMemento>
          <node node_ref="r:1827b833-20af-4e7b-ad14-6906ab759a70(ArduinoML.structure)/1275236291302713117" />
        </state>
      </provider>
    </entry>
    <entry file="mps://node://ArduinoML/ArduinoML.structure/And_Component_LCD_Temperature">
      <provider selected="true" editor-type-id="MPSFileEditor">
        <state class="jetbrains.mps.ide.editorTabs.TabbedEditor$TabbedEditorState">
          <memento viewPositionX="0" viewPositionY="0">
            <selectionStack>
              <stackElement className="jetbrains.mps.nodeEditor.selection.EditorCellLabelSelection">
                <property name="hasNonTrivialSelection" value="false" />
                <property name="caretX" value="407" />
                <property name="caretXRelative" value="0" />
                <property name="sideSelectDirection" value="NONE" />
                <cellInfo cellId="Constant_ueqr71_a1b4a0" cellNumber="0" isInList="false">
                  <node node_reference="r:1827b833-20af-4e7b-ad14-6906ab759a70(ArduinoML.structure)/4954859863373206605" />
                </cellInfo>
              </stackElement>
            </selectionStack>
            <errorLabels />
            <folded />
            <enabledHints />
          </memento>
          <inspectorMemento currentlyEditedNode="r:1827b833-20af-4e7b-ad14-6906ab759a70(ArduinoML.structure)/4954859863373206605" viewPositionX="0" viewPositionY="0">
            <selectionStack />
            <errorLabels />
            <folded />
            <enabledHints />
          </inspectorMemento>
          <node node_ref="r:1827b833-20af-4e7b-ad14-6906ab759a70(ArduinoML.structure)/4954859863373206605" />
        </state>
      </provider>
    </entry>
    <entry file="mps://node://ArduinoML/ArduinoML.structure/Sketch">
      <provider selected="true" editor-type-id="MPSFileEditor">
        <state class="jetbrains.mps.ide.editorTabs.TabbedEditor$TabbedEditorState">
          <memento viewPositionX="0" viewPositionY="0">
            <selectionStack>
              <stackElement className="jetbrains.mps.nodeEditor.selection.EditorCellLabelSelection">
                <property name="hasNonTrivialSelection" value="false" />
                <property name="caretX" value="31" />
                <property name="caretXRelative" value="0" />
                <property name="sideSelectDirection" value="NONE" />
                <cellInfo cellId="Constant_ueqr71_h1c0" cellNumber="0" isInList="false">
                  <node node_reference="r:1827b833-20af-4e7b-ad14-6906ab759a70(ArduinoML.structure)/1275236291302713123" />
                </cellInfo>
              </stackElement>
            </selectionStack>
            <errorLabels />
            <folded />
            <enabledHints />
          </memento>
          <inspectorMemento currentlyEditedNode="r:1827b833-20af-4e7b-ad14-6906ab759a70(ArduinoML.structure)/1275236291302713123" viewPositionX="0" viewPositionY="0">
            <selectionStack />
            <errorLabels />
            <folded />
            <enabledHints />
          </inspectorMemento>
          <node node_ref="r:1827b833-20af-4e7b-ad14-6906ab759a70(ArduinoML.structure)/1275236291302713123" />
        </state>
      </provider>
    </entry>
    <entry file="mps://node://ArduinoML.sandbox/ArduinoML.sandbox/Sketch3-State_Based_Alarm">
      <provider selected="true" editor-type-id="MPSFileEditor">
        <state class="jetbrains.mps.ide.editor.BaseNodeEditor$BaseEditorState">
          <memento viewPositionX="0" viewPositionY="0">
            <selectionStack>
              <stackElement className="jetbrains.mps.nodeEditor.selection.EditorCellLabelSelection">
                <property name="hasNonTrivialSelection" value="false" />
                <property name="caretX" value="63" />
                <property name="caretXRelative" value="0" />
                <property name="sideSelectDirection" value="NONE" />
                <cellInfo cellId="empty_and" cellNumber="0" isInList="false">
                  <node node_reference="r:022d951c-cb40-46f8-a28d-daedc51feb46(ArduinoML.sandbox)/3356614837286766285" />
                </cellInfo>
              </stackElement>
            </selectionStack>
            <errorLabels />
            <folded />
            <enabledHints />
          </memento>
          <inspectorMemento currentlyEditedNode="r:022d951c-cb40-46f8-a28d-daedc51feb46(ArduinoML.sandbox)/3356614837286766285" viewPositionX="0" viewPositionY="0">
            <selectionStack />
            <errorLabels />
            <folded />
            <enabledHints />
          </inspectorMemento>
        </state>
      </provider>
    </entry>
    <entry file="mps://node://ArduinoML/ArduinoML.structure/Machine_State">
      <provider selected="true" editor-type-id="MPSFileEditor">
        <state class="jetbrains.mps.ide.editorTabs.TabbedEditor$TabbedEditorState">
          <memento viewPositionX="0" viewPositionY="0">
            <selectionStack>
              <stackElement className="jetbrains.mps.nodeEditor.selection.EditorCellLabelSelection">
                <property name="hasNonTrivialSelection" value="false" />
                <property name="caretX" value="247" />
                <property name="caretXRelative" value="4" />
                <property name="sideSelectDirection" value="NONE" />
                <cellInfo cellId="property_name" cellNumber="0" isInList="false">
                  <node node_reference="r:7e93ca31-880f-4ecd-a66b-ee11be520981(ArduinoML.editor)/6743260208045785802" />
                </cellInfo>
              </stackElement>
            </selectionStack>
            <errorLabels />
            <folded />
            <enabledHints />
          </memento>
          <inspectorMemento currentlyEditedNode="r:7e93ca31-880f-4ecd-a66b-ee11be520981(ArduinoML.editor)/6743260208045785802" viewPositionX="0" viewPositionY="0">
            <selectionStack />
            <errorLabels />
            <folded />
            <enabledHints />
          </inspectorMemento>
          <node node_ref="r:7e93ca31-880f-4ecd-a66b-ee11be520981(ArduinoML.editor)/6743260208045785802" />
        </state>
      </provider>
    </entry>
    <entry file="mps://node://ArduinoML/ArduinoML.structure/And_Component">
      <provider selected="true" editor-type-id="MPSFileEditor">
        <state class="jetbrains.mps.ide.editorTabs.TabbedEditor$TabbedEditorState">
          <memento viewPositionX="0" viewPositionY="0">
            <selectionStack>
              <stackElement className="jetbrains.mps.nodeEditor.selection.EditorCellLabelSelection">
                <property name="hasNonTrivialSelection" value="false" />
                <property name="caretX" value="143" />
                <property name="caretXRelative" value="28" />
                <property name="sideSelectDirection" value="NONE" />
                <cellInfo cellId="property_role" cellNumber="0" isInList="false">
                  <node node_reference="r:7e93ca31-880f-4ecd-a66b-ee11be520981(ArduinoML.editor)/5961443109978869538" />
                </cellInfo>
              </stackElement>
            </selectionStack>
            <errorLabels />
            <folded />
            <enabledHints />
          </memento>
          <inspectorMemento currentlyEditedNode="r:7e93ca31-880f-4ecd-a66b-ee11be520981(ArduinoML.editor)/5961443109978869538" viewPositionX="0" viewPositionY="0">
            <selectionStack />
            <errorLabels />
            <folded />
            <enabledHints />
          </inspectorMemento>
          <node node_ref="r:7e93ca31-880f-4ecd-a66b-ee11be520981(ArduinoML.editor)/5961443109978852614" />
        </state>
      </provider>
    </entry>
    <entry file="mps://node://ArduinoML.sandbox/ArduinoML.sandbox/Sketch2-Dual_Check_Alarm">
      <provider selected="true" editor-type-id="MPSFileEditor">
        <state class="jetbrains.mps.ide.editor.BaseNodeEditor$BaseEditorState">
          <memento viewPositionX="0" viewPositionY="331">
            <selectionStack>
              <stackElement className="jetbrains.mps.nodeEditor.selection.EditorCellLabelSelection">
                <property name="hasNonTrivialSelection" value="false" />
                <property name="caretX" value="159" />
                <property name="caretXRelative" value="60" />
                <property name="sideSelectDirection" value="NONE" />
                <cellInfo cellId="property_name" cellNumber="0" isInList="false">
                  <node node_reference="r:022d951c-cb40-46f8-a28d-daedc51feb46(ArduinoML.sandbox)/6073817517002667698" />
                </cellInfo>
              </stackElement>
            </selectionStack>
            <errorLabels />
            <folded />
            <enabledHints />
          </memento>
          <inspectorMemento currentlyEditedNode="r:022d951c-cb40-46f8-a28d-daedc51feb46(ArduinoML.sandbox)/3356614837286766285" viewPositionX="0" viewPositionY="0">
            <selectionStack />
            <errorLabels />
            <folded />
            <enabledHints />
          </inspectorMemento>
        </state>
      </provider>
    </entry>
    <entry file="mps://node://ArduinoML/ArduinoML.structure/Or_Test">
      <provider selected="true" editor-type-id="MPSFileEditor">
        <state class="jetbrains.mps.ide.editorTabs.TabbedEditor$TabbedEditorState">
          <memento viewPositionX="0" viewPositionY="0">
            <selectionStack>
              <stackElement className="jetbrains.mps.nodeEditor.selection.EditorCellLabelSelection">
                <property name="hasNonTrivialSelection" value="false" />
                <property name="caretX" value="103" />
                <property name="caretXRelative" value="20" />
                <property name="sideSelectDirection" value="NONE" />
                <cellInfo cellId="property_text" cellNumber="0" isInList="false">
                  <node node_reference="r:7e93ca31-880f-4ecd-a66b-ee11be520981(ArduinoML.editor)/3356614837287286981" />
                </cellInfo>
              </stackElement>
            </selectionStack>
            <errorLabels />
            <folded />
            <enabledHints />
          </memento>
          <inspectorMemento currentlyEditedNode="r:7e93ca31-880f-4ecd-a66b-ee11be520981(ArduinoML.editor)/3356614837287286981" viewPositionX="0" viewPositionY="0">
            <selectionStack />
            <errorLabels />
            <folded />
            <enabledHints />
          </inspectorMemento>
          <node node_ref="r:7e93ca31-880f-4ecd-a66b-ee11be520981(ArduinoML.editor)/7566270540795248796" />
        </state>
      </provider>
    </entry>
    <entry file="mps://node://ArduinoML/ArduinoML.structure/And_Test">
      <provider selected="true" editor-type-id="MPSFileEditor">
        <state class="jetbrains.mps.ide.editorTabs.TabbedEditor$TabbedEditorState">
          <memento viewPositionX="0" viewPositionY="0">
            <selectionStack>
              <stackElement className="jetbrains.mps.nodeEditor.selection.EditorCellLabelSelection">
                <property name="hasNonTrivialSelection" value="false" />
                <property name="caretX" value="111" />
                <property name="caretXRelative" value="28" />
                <property name="sideSelectDirection" value="NONE" />
                <cellInfo cellId="property_text" cellNumber="0" isInList="false">
                  <node node_reference="r:7e93ca31-880f-4ecd-a66b-ee11be520981(ArduinoML.editor)/3356614837287287008" />
                </cellInfo>
              </stackElement>
            </selectionStack>
            <errorLabels />
            <folded />
            <enabledHints />
          </memento>
          <inspectorMemento currentlyEditedNode="r:7e93ca31-880f-4ecd-a66b-ee11be520981(ArduinoML.editor)/3356614837287287008" viewPositionX="0" viewPositionY="0">
            <selectionStack />
            <errorLabels />
            <folded />
            <enabledHints />
          </inspectorMemento>
          <node node_ref="r:7e93ca31-880f-4ecd-a66b-ee11be520981(ArduinoML.editor)/6743260208045785681" />
        </state>
      </provider>
    </entry>
    <entry file="mps://node://ArduinoML.sandbox/ArduinoML.sandbox/Sketch4-Multi_State_Alarm">
      <provider selected="true" editor-type-id="MPSFileEditor">
        <state class="jetbrains.mps.ide.editor.BaseNodeEditor$BaseEditorState">
          <memento viewPositionX="0" viewPositionY="311">
            <selectionStack>
              <stackElement className="jetbrains.mps.nodeEditor.selection.EditorCellLabelSelection">
                <property name="hasNonTrivialSelection" value="false" />
                <property name="caretX" value="151" />
                <property name="caretXRelative" value="28" />
                <property name="sideSelectDirection" value="NONE" />
                <cellInfo cellId="property_value" cellNumber="0" isInList="false">
                  <node node_reference="r:022d951c-cb40-46f8-a28d-daedc51feb46(ArduinoML.sandbox)/7122776117853649525" />
                </cellInfo>
              </stackElement>
            </selectionStack>
            <errorLabels />
            <folded />
            <enabledHints />
          </memento>
          <inspectorMemento currentlyEditedNode="r:022d951c-cb40-46f8-a28d-daedc51feb46(ArduinoML.sandbox)/7122776117853649525" viewPositionX="0" viewPositionY="0">
            <selectionStack />
            <errorLabels />
            <folded />
            <enabledHints />
          </inspectorMemento>
        </state>
      </provider>
    </entry>
  </component>
</project>

